<beans xmlns="http://www.springframework.org/schema/beans"
	xmlns:tx="http://www.springframework.org/schema/tx"
	xmlns:aop="http://www.springframework.org/schema/aop"
	xmlns:xsi="http://www.w3.org/2001/XMLSchema-instance"
 xsi:schemaLocation="http://www.springframework.org/schema/beans 
						http://www.springframework.org/schema/beans/spring-beans-3.0.xsd
						http://www.springframework.org/schema/tx 
						http://www.springframework.org/schema/tx/spring-tx-3.0.xsd
						http://www.springframework.org/schema/aop 
						http://www.springframework.org/schema/aop/spring-aop-3.0.xsd">
	<aop:aspectj-autoproxy />
	
	<bean id="transactionManager" class="org.springframework.jdbc.datasource.DataSourceTransactionManager">
		<property name="dataSource" ref="dynamicDataSource"/>
	</bean>
	
	<tx:annotation-driven transaction-manager="transactionManager"/>
	
    <aop:config>  
        <aop:aspect ref="dynamicDataSourceEntry">  
            <aop:after method="restore"  pointcut="execution(public * com.d3sq..*.dao..*Dao.*(..))" />
        </aop:aspect>
    </aop:config>
    
    <aop:config>
    	<aop:aspect ref="productIndexPlugin" >
        	<aop:after-returning method="execute" pointcut="execution(public * com.d3sq..*.dao..*Dao.*(..))" returning="retValue"/>
        </aop:aspect>
    </aop:config>
	
</beans>
