<beans xmlns="http://www.springframework.org/schema/beans"
	xmlns:xsi="http://www.w3.org/2001/XMLSchema-instance" xmlns:p="http://www.springframework.org/schema/p"
	xmlns:mvc="http://www.springframework.org/schema/mvc"
	xsi:schemaLocation="http://www.springframework.org/schema/beans http://www.springframework.org/schema/beans/spring-beans-2.5.xsd
           http://www.springframework.org/schema/mvc http://www.springframework.org/schema/mvc/spring-mvc-3.0.xsd">
    
    <mvc:annotation-driven />        
    
	<bean class="org.springframework.web.servlet.mvc.annotation.AnnotationMethodHandlerAdapter"></bean>
	

	
	<mvc:interceptors>
		
		<mvc:interceptor>
			<mvc:mapping path="/**"/>
			<bean class="com.d3sq.common.interceptors.LoginInterceptor"></bean>
		</mvc:interceptor>
		<mvc:interceptor>
			<mvc:mapping path="/**"/>
			<bean class="com.d3sq.common.interceptors.AuthInterceptor"></bean>
		</mvc:interceptor>
		
	</mvc:interceptors>
	
	<import resource="classpath:application-context.xml" />
	
</beans>
