<?xml version="1.0" encoding="UTF-8"?>
<beans xmlns="http://www.springframework.org/schema/beans"
	xmlns:xsi="http://www.w3.org/2001/XMLSchema-instance"
	xmlns:context="http://www.springframework.org/schema/context"
	xmlns:util="http://www.springframework.org/schema/util"
	xmlns:task="http://www.springframework.org/schema/task"
	xsi:schemaLocation="http://www.springframework.org/schema/beans http://www.springframework.org/schema/beans/spring-beans.xsd
       http://www.springframework.org/schema/util http://www.springframework.org/schema/util/spring-util-2.0.xsd
	   http://www.springframework.org/schema/context http://www.springframework.org/schema/context/spring-context-3.0.xsd
	   http://www.springframework.org/schema/task http://www.springframework.org/schema/task/spring-task-3.0.xsd">

 	<context:component-scan base-package="com.gupaoedu"/>
	<context:annotation-config />
	<!-- <task:annotation-driven /> -->

	
	<bean id="propertyConfigurer" class="javax.core.common.config.CustomConfig">
		<property name="locations">
			<list>
				<value>classpath:system.properties</value>
				<value>classpath:es-config.properties</value>
			</list>
		</property>
	</bean>
	
	
	
</beans>