<assembly>
	<id>dist</id>
	<formats>
		<format>zip</format>
	</formats>
	<finalName>${artifactId}</finalName>
	<includeBaseDirectory>false</includeBaseDirectory>
	<fileSets>	
		<fileSet>
			<includes>
				<include>README*</include>
				<include>LICENSE*</include>
				<include>NOTICE*</include>
			</includes>
		</fileSet>
		<fileSet>
			<directory>src/main/bin</directory>
			<outputDirectory>bin</outputDirectory>
		</fileSet>
		<fileSet>
			<directory>target/classes</directory>
			<outputDirectory>classes</outputDirectory>
		</fileSet>
	</fileSets>
	<dependencySets>
		<dependencySet>
			<outputDirectory>lib</outputDirectory>
			<scope>runtime</scope>
		</dependencySet>
	</dependencySets>
</assembly>