<?xml version="1.0" encoding="UTF-8"?>
<!DOCTYPE log4j:configuration PUBLIC "-//LOGGER" "http://logging.apache.org/log4j/1.2/apidocs/org/apache/log4j/xml/doc-files/log4j.dtd">
<log4j:configuration>
	
	<appender name="stdout" class="org.apache.log4j.ConsoleAppender">
		<layout class="org.apache.log4j.PatternLayout">
			<param name="ConversionPattern" value="[%-5p] [%d{HH:mm:ss}] %c - %m%n" />
		</layout>
	</appender>

	<appender name="info" class="org.apache.log4j.DailyRollingFileAppender">
		<param name="file" value="D:/3DSQ/3dsq-full/logs/info.log" />
		<param name="append" value="true" />
		<param name="datePattern" value="'.'yyyy-MM-dd" />
		<layout class="org.apache.log4j.PatternLayout">
			<param name="ConversionPattern" value="[%-5p] [%d{yyyy-MM-dd HH:mm:ss}] %c - %m%n" />
		</layout>
		<filter class="org.apache.log4j.varia.LevelRangeFilter">
			<param name="LevelMin" value="INFO" />
			<param name="LevelMax" value="INFO" />
			<param name="AcceptOnMatch" value="true" />
		</filter>
	</appender>

	<appender name="warn" class="org.apache.log4j.DailyRollingFileAppender">
		<param name="file" value="D:/3DSQ/3dsq-full/logs/warn.log" />
		<param name="append" value="true" />
		<param name="datePattern" value="'.'yyyy-MM-dd" />
		<layout class="org.apache.log4j.PatternLayout">
			<param name="ConversionPattern" value="[%-5p][ %t ] [%d{yyyy-MM-dd HH:mm:ss}] %c - %m%n" />
		</layout>
		<filter class="org.apache.log4j.varia.LevelRangeFilter">
			<param name="LevelMin" value="WARN" />
			<param name="LevelMax" value="WARN" />
			<param name="AcceptOnMatch" value="true" />
		</filter>
	</appender>

	<appender name="error" class="org.apache.log4j.DailyRollingFileAppender">
		<param name="file" value="D:/3DSQ/3dsq-full/logs/error.log" />
		<param name="append" value="true" />
		<param name="datePattern" value="'.'yyyy-MM-dd" />
		<layout class="org.apache.log4j.PatternLayout">
			<param name="ConversionPattern" value="[%-5p][ %t ] [%d{yyyy-MM-dd HH:mm:ss}] %c - %m%n" />
		</layout>
		<filter class="org.apache.log4j.varia.LevelRangeFilter">
			<param name="LevelMin" value="ERROR" />
			<param name="LevelMax" value="ERROR" />
			<param name="AcceptOnMatch" value="true" />
		</filter>
	</appender>

	<logger name="org.springframework.jdbc.core.JdbcTemplate" additivity="true"> 
		<level value="info" /> 
	</logger>

	<root>
		<level value="info" />
		<appender-ref ref="stdout" /> 
		<appender-ref ref="info" />
		<appender-ref ref="error" /> 
		<appender-ref ref="warn" /> 
	</root>

</log4j:configuration>
